id,nome,descricao,criado_em,atualizado_em,pai_id
2,Munições,"Categoria principal para todos os tipos de munições e cartuchos, de fogo central e circular.",2025-10-15T13:58:22.841477,2025-10-15T14:19:30.274019,
3,Rifle,"Armas longas de alma raiada, projetadas para disparos de precisão a médias e longas distâncias.",2025-10-15T14:15:55.715420,2025-10-16T19:28:56.490077,
4,Pistola,"Armas de fogo curtas e semiautomáticas, alimentadas por carregador. Ideais para defesa, porte velado e esporte.",2025-10-15T14:16:17.897390,2025-10-16T19:28:56.490098,
5,Revolver,"Armas de fogo curtas com tambor rotativo, conhecidas pela sua alta confiabilidade e simplicidade de operação.",2025-10-15T14:16:37.805571,2025-10-16T19:28:56.490109,
6,Espingarda,"Armas longas de alma lisa, que disparam múltiplos projéteis (balins). Usadas para defesa, caça e esporte.",2025-10-15T14:16:57.185504,2025-10-16T19:28:56.490118,
7,Carabina,"Armas longas de alma raiada, geralmente mais leves. Inclui modelos de fogo circular e calibres de pistola (PCC).",2025-10-15T14:17:17.113410,2025-10-16T19:28:56.490128,
19,Carregadores,"Dispositivos para armazenamento e alimentação de munição em armas de fogo, como pistolas e carabinas.",2025-10-16T16:38:37.491048,2025-10-17T17:01:58.751060,
21,Fuzil,"Armas longas de alma raiada, de uso tático/militar, em calibres de fuzil como 5.56x45mm e 7.62x51mm",2025-10-17T15:42:00.145985,2025-10-17T17:02:22.435575,
23,CATEGORIA TESTE,,2025-10-18T09:00:19.024129,2025-10-18T12:00:19.028398,
