id,cliente_id,cep,estado,cidade,bairro,numero,complemento,logradouro,created_at,updated_at,tipo
559,969,65.727-000,MA,TRIZIDELA DO VALE,JERUSALÉM,,,,,,residencial
560,971,64055420,PI,Teresina,Piçarreira,,PIÇARREIRA,Rua Melvin Jones,,2025-09-30T19:00:05.889848,residencial
561,972,64.019-330,PI,Teresina,Vermelha,,,Rua Henrique Dias,,2025-09-30T19:00:05.889848,residencial
562,973,64067010,PI,Teresina,Tabajaras,,TABAJARAS,Avenida Presidente Kennedy,,2025-09-30T19:00:05.889848,residencial
563,975,64073650,PI,Teresina,Uruguai,,Uruguai,Avenida João XXIII,,2025-09-30T19:00:05.889848,residencial
564,978,64089060,PI,Teresina,Todos os Santos,,QD B CASA 14,Conjunto Pedro Balsi,,2025-09-30T19:00:05.889848,residencial
565,979,64.604-080,PI,Picos,Ipueiras,,,Rua Domingos da Rocha Soares,,2025-09-30T19:00:05.889848,residencial
566,980,05275000,SP,São Paulo,Jardim Jaraguá,,KM 15 5 MODULOS 32 E 33,Via Anhangüera,,2025-09-30T19:00:05.889848,residencial
567,984,64.057-024,PI,Teresina,Vale Quem Tem,,(Cj Taquari),Quadra H,,2025-09-30T19:00:05.889848,residencial
569,986,64.049-360,PI,Teresina,Fátima,,,Rua José Paulino,,2025-09-30T19:00:05.889848,residencial
571,988,64062050,PI,Teresina,Morros,,CASA 13,Avenida Professor Felismino Weser,,2025-09-30T19:00:05.889848,residencial
572,989,64001260,PI,Teresina,Centro,,CENTRO,Rua São Pedro,,2025-09-30T19:00:05.889848,residencial
408,705,64.240-000,PI,PIRACURUCA,ZONA RURAL,,,,,,residencial
272,473,64002-240,PI,Teresina,Vila Operária,,VILA OPERÁRIA,Rua Treze de Maio,,,residencial
293,508,64.052-770,PI,Teresina,Horto,,,Rua Thomas Edson,,2025-09-30T18:18:57.758076,residencial
294,510,64.013-547,PI,Teresina,Jacinta Andrade,,(Cj Res Jacinta Andrade),Quadra 94,,2025-09-30T18:18:57.758076,residencial
295,514,64.055-370,PI,Teresina,Morada do Sol,,,Rua Bonifácio Abreu,,2025-09-30T18:18:57.758076,residencial
296,515,64090095,PI,Teresina,Gurupi,,Gurupi,Avenida Mirtes Melão,,2025-09-30T18:18:57.758076,residencial
297,517,64.049-534,PI,Teresina,Fátima,,,Rua das Orquídeas,,2025-09-30T18:18:57.758076,residencial
299,521,64.055-330,PI,Teresina,Morada do Sol,,,Rua Mundinho Ferraz,,2025-09-30T18:18:57.758076,residencial
300,522,64.048-575,PI,Teresina,Ininga,,,Rua Elon Constantino Aguiar,,2025-09-30T18:18:57.758076,residencial
301,523,64009335,PI,Teresina,Alto Alegre,,QD B CASA 15,Conjunto Milton Oliveira,,2025-09-30T18:18:57.758076,residencial
302,524,64000300,PI,Teresina,Centro,,Centro,Avenida Campos Sales,,2025-09-30T18:18:57.758076,residencial
303,527,72.231-103,DF,Brasília,Ceilândia Sul (Ceilândia),,,Quadra QNP 10 Conjunto C,,2025-09-30T18:18:57.758076,residencial
304,529,64.013-568,PI,Teresina,Jacinta Andrade,,(Cj Res Jacinta Andrade),Quadra 115,,2025-09-30T18:18:57.758076,residencial
307,533,64067901,PI,Teresina,Tabajaras,,Tabajaras,Avenida Presidente Kennedy,,2025-09-30T18:18:57.758076,residencial
308,534,89219600,SC,Joinville,Zona Industrial Norte,,BLOCO G SETOR MODULO 3 COND PERINI BUSINESS PARK,Rua Dona Francisca,,2025-09-30T18:18:57.758076,residencial
309,535,64008235,PI,Teresina,Memorare,,QUADRA 02,Conjunto União I,,2025-09-30T18:18:57.758076,residencial
310,536,64052480,PI,Teresina,Horto,,Horto,Rua Professor Madeira,,2025-09-30T18:20:03.670996,residencial
311,537,64062230,PI,Teresina,Morros,,Morros,Rua Professora Ana Bugyja,,2025-09-30T18:20:03.670996,residencial
312,538,64012325,PI,Teresina,Santa Maria,,SANTA MARIA,Quadra P,,2025-09-30T18:20:03.670996,residencial
314,540,64053550,PI,Teresina,Campestre,,MORADA DO SOL GRAND PARK,Rua Antonia Myrian Eduardo Pereira,,2025-09-30T18:20:03.670996,residencial
315,541,86055732,PR,Londrina,Vivendas do Arvoredo,,Alphavile - Shop. Catuai,Rua das Itaubas,,2025-09-30T18:20:03.670996,residencial
317,546,64045795,PI,Teresina,Recanto das Palmeiras,,Recanto das Palmeiras,Avenida João XXIII,,2025-09-30T18:20:03.670996,residencial
318,549,64038305,PI,Teresina,Pedra Miúda,,,Loteamento Judithe Nunes,,2025-09-30T18:20:03.670996,residencial
320,552,64010350,PI,Teresina,Mocambinho,,Mocambinho,Quadra 30,,2025-09-30T18:20:03.670996,residencial
323,561,65636400,MA,Timon,Parque Piauí II,,,Rua Firmino Gonçalves Pedreira,,2025-09-30T18:20:03.670996,residencial
324,562,64.049-110,PI,Teresina,Jóquei,,EDF Manhattan River Center Sala 1007 Torre 01,Avenida Senador Area Leão,,2025-09-30T18:21:14.158807,residencial
325,563,09426900,SP,Ribeirão Pires,Bocaina,,,Avenida Humberto de Campos,,2025-09-30T18:21:14.158807,residencial
326,565,64.039-526,PI,Teresina,Esplanada,,,Quadra F3,,2025-09-30T18:21:14.158807,residencial
327,566,64091095,PI,Teresina,Gurupi,,Gurupi,Avenida Professor Camilo Filho,,2025-09-30T18:21:14.158807,residencial
328,567,64010350,PI,Teresina,Mocambinho,,QD 02 CS 32,Quadra 30,,2025-09-30T18:21:14.158807,residencial
330,569,65.636-884,MA,Timon,Boa Esperança,,(Cj Novo Tempo),Quadra O,,2025-09-30T18:21:14.158807,residencial
331,571,65.632-275,MA,Timon,Jóia,,08B QD AW,Rua Ametista,,2025-09-30T18:21:14.158807,residencial
332,574,64073650,PI,Teresina,Uruguai,,Uruguai,Avenida João XXIII,,2025-09-30T18:21:14.158807,residencial
333,578,64012355,PI,Teresina,Santa Maria,,CASA 30 RESERVA DO NORTE III,Rua Maria Mirto de Sá,,2025-09-30T18:22:16.871724,residencial
334,581,64.005-010,PI,Teresina,Matadouro,,,Rua Antonio Pedro,,2025-09-30T18:22:16.871724,residencial
335,583,64073175,PI,Teresina,Uruguai,,Uruguai,Rua Quarenta,,2025-09-30T18:22:16.871724,residencial
336,584,64048330,PI,Teresina,Jóquei,,JÓQUEI,Rua Miguel Arcoverde,,2025-09-30T18:22:16.871724,residencial
338,591,64067010,PI,Teresina,Tabajaras,,Tabajaras,Avenida Presidente Kennedy,,2025-09-30T18:22:16.871724,residencial
271,472,68515-000,PA,Parauapebas,CENTRO,,QUADRA 27,,,,residencial
292,506,64.260-000,PI,PIRIPIRI,CENTRO,,,,,,residencial
298,519,65.725-000,MA,PEDREIRAS,GOIABAL,,,,,,residencial
305,530,64.260-000,PI,PIRIPIRI,BARCELONA,,Centro,,,,residencial
306,532,64.700-000,PI,SIMPLICIO MENDES,SÃO FRANCISCO,,,,,,residencial
313,539,64120000,PI,UNIAO,QD D OTE 184,,NOVA UNIÃO,,,,residencial
316,544,64.900-000,PI,BOM JESUS,CENTRO,,,,,,residencial
319,551,64.420-000,PI,PALMEIRAIS,ALTO DA CRUZ,,S/N,,,,residencial
321,558,68383000,PA,VITORIA DO XINGU,RAMAL DOS PENASCOBRA CHOCA,,ZONA RURAL,,,,residencial
322,560,64120000,PI,UNIAO,,,,,,,residencial
329,568,64.390-000,PI,DEMERVAL LOBAO,CENTRO,,,,,,residencial
337,585,64900000,PI,BOM JESUS,APT 07,,Centro,,,,residencial
573,990,64440000,PI,AGRICOLANDIA,CASA B,,Centro,,,,residencial
574,991,64028436,PI,Teresina,Santo Antônio,,Santo Antônio,Quadra CD,,2025-09-30T19:00:05.889848,residencial
575,993,64.016-180,PI,Teresina,Monte Castelo,,,Rua Heráclito de Sousa,,2025-09-30T19:00:05.889848,residencial
576,994,64010260,PI,Teresina,Mocambinho,,QD 03,Quadra Mocambinho - Setor C,,2025-09-30T19:00:05.889848,residencial
577,996,64071790,PI,Teresina,Verde Lar,,QD 09 CS 13,Conjunto Árvores Verde,,2025-09-30T19:00:05.889848,residencial
578,999,64.120-000,PI,UNIAO,NOSSA SENHORA DAS GRAÇAS,,,,,,residencial
579,1003,64058300,PI,Teresina,Samapi,,Samapi,Avenida Presidente Kennedy,,2025-09-30T19:00:05.889848,residencial
351,614,64091215,PI,Teresina,Gurupi,,Gurupi,Loteamento Alphaville Teresina,,2025-09-30T18:22:57.181992,residencial
352,615,22.715-130,RJ,Rio de Janeiro,Taquara,,Rua da Farmácia,Rua Opinião Liberal,,2025-09-30T18:22:57.181992,residencial
355,621,64053070,PI,Teresina,Santa Isabel,,Santa Isabel,Rua Antilhon Ribeiro Soares,,2025-09-30T18:22:57.181992,residencial
356,623,64045230,PI,Teresina,Noivos,,Noivos,Rua Alarico Cunha,,2025-09-30T18:22:57.181992,residencial
357,624,64023220,PI,Teresina,Morada Nova,,MORADA NOVA,Quadra 20,,2025-09-30T18:22:57.181992,residencial
358,625,64.003-800,PI,Teresina,Acarape,,,Rua São Paulo,,2025-09-30T18:22:57.181992,residencial
360,633,64097050,PI,Teresina,Santana,,LOT JD AMERICA,Loteamento Jardim Europa,,2025-09-30T18:22:57.181992,residencial
361,634,64023752,PI,Teresina,Catarina,,LOT HUGO PRADO,Rua Antonio Ferro Gomes,,2025-09-30T18:22:57.181992,residencial
362,636,64097990,PI,Teresina,,,,Rua Edmilson Sidnei de Carvalho,,2025-09-30T18:22:57.181992,residencial
367,643,64.010-220,PI,Teresina,Mocambinho,,QUADRA 16,Quadra Mocambinho - Setor B,,2025-09-30T18:23:42.523598,residencial
369,646,64.001-625,PI,Teresina,Frei Serafim,,,Rua Acre,,2025-09-30T18:23:42.523598,residencial
371,648,64071790,PI,Teresina,Verde Lar,,QD 19 CS 4,Conjunto Árvores Verde,,2025-09-30T18:23:42.523598,residencial
372,649,64.013-541,PI,Teresina,Jacinta Andrade,,,Quadra 88,,2025-09-30T18:23:42.523598,residencial
373,651,64.034-520,PI,Teresina,Angelim,,,Rua Nonato de Oliveira,,2025-09-30T18:23:42.523598,residencial
374,652,64.015-310,PI,Teresina,Cristo Rei,,,Rua Celso Pinheiro,,2025-09-30T18:23:42.523598,residencial
376,654,64.046-170,PI,Teresina,Noivos,,APT 101A,Rua Miguel Arcoverde,,2025-09-30T18:23:42.523598,residencial
377,655,64053550,PI,Teresina,Campestre,,BLOCO ROSA APT 202,Rua Antonia Myrian Eduardo Pereira,,2025-09-30T18:23:42.523598,residencial
378,656,64.000-360,PI,Teresina,Centro,,Centro,Rua Clodoaldo Freitas,,2025-09-30T18:23:42.523598,residencial
379,656,64.000-360,PI,Teresina,Centro,,,Rua Clodoaldo Freitas,,2025-09-30T18:24:33.314744,residencial
380,660,64.062-220,PI,Teresina,Morros,,CASA 18,Rua Áurea Martins,,2025-09-30T18:24:33.314744,residencial
381,661,64.053-040,PI,Teresina,Santa Isabel,,,Rua Desembargador João Pereira,,2025-09-30T18:24:33.314744,residencial
382,662,74934605,GO,Aparecida de Goiânia,Cidade Vera Cruz,,QUADRA1B LOTE 48E SALA 702 COND EMPRESARIAL VILLAGE EDIF MONTREAL OFFICE,Avenida Segunda Avenida,,2025-09-30T18:24:33.314744,residencial
383,663,75132135,GO,Anápolis,Distrito Agroindustrial de Anápolis,,QUADRA09 LOTE M-10 SETOR 01 ALA DA DEFESA SALA B,Rua VP 6E,,2025-09-30T18:24:33.314744,residencial
385,668,64078230,PI,Teresina,Itararé,,quadra B,Quadra 240,,2025-09-30T18:24:33.314744,residencial
386,671,89219600,SC,Joinville,Zona Industrial Norte,,BLOCO G SETOR MODULO 3 COND PERINI BUSINESS PARK,Rua Dona Francisca,,2025-09-30T18:24:33.314744,residencial
388,675,34007638,MG,Nova Lima,Jardim Canadá,,,Rua Essex,,2025-09-30T18:26:27.431345,residencial
389,676,64.077-130,PI,Teresina,Itararé,,Renascença II,Quadra 47,,2025-09-30T18:26:27.431345,residencial
390,677,64010280,PI,Teresina,Mocambinho,,QD 07,Quadra Mocambinho - Setor C,,2025-09-30T18:26:27.431345,residencial
391,678,64063018,PI,Teresina,Socopo,,,Comunidade Povoado Soinho,,2025-09-30T18:26:27.431345,residencial
392,679,64033546,PI,Teresina,Santo Antônio,,Santo Antônio,Quadra 18,,2025-09-30T18:26:27.431345,residencial
394,681,64.084-023,PI,Teresina,São Sebastião,,(Lot. Renascença III),Rua Belarmino Braga,,2025-09-30T18:26:27.431345,residencial
395,682,65.631-220,MA,Timon,Parque Piauí I,,QD: 237 LOTE 15 E 17,Rua Projetada,,2025-09-30T18:26:27.431345,residencial
396,683,64020900,PI,Teresina,Parque São João,,PARQUE SÃO JOÃO,Rua Jacob Martins,,2025-09-30T18:27:37.334096,residencial
397,684,64010310,PI,Teresina,Mocambinho,,QD 17 CS 04,Quadra Mocambinho - Setor C,,2025-09-30T18:27:37.334096,residencial
398,685,64.062-005,PI,Teresina,Morros,,,Avenida Presidente Kennedy,,2025-09-30T18:27:37.334096,residencial
399,686,64.049-410,PI,Teresina,Fátima,,Fátima,Avenida Rio Poti,,2025-09-30T18:27:37.334096,residencial
400,687,64015610,PI,Teresina,Cristo Rei,,CRISTO REI,Conjunto João Emílio Falcão,,2025-09-30T18:27:37.334096,residencial
402,690,64.048-330,PI,Teresina,Jóquei,,,Rua Miguel Arcoverde,,2025-09-30T18:27:37.334096,residencial
403,693,64.022-055,PI,Teresina,Triunfo,,MOINHO DE VENTO 308,Rua Candido Portinari,,2025-09-30T18:28:26.525946,residencial
404,694,64073650,PI,Teresina,Uruguai,,E CS,Avenida João XXIII,,2025-09-30T18:28:26.525946,residencial
405,697,64020240,PI,Teresina,Saci,,SACI,Quadra Saci,,2025-09-30T18:28:26.525946,residencial
406,699,64.084-105,PI,Teresina,São Sebastião,,,Conjunto Parque Poty,,2025-09-30T18:28:26.525946,residencial
343,598,65.690-000,MA,COLINAS,CENTRO,,,,,,residencial
353,619,64.900-000,PI,BOM JESUS,CENTRO,,,,,,residencial
354,620,64.190-000,PI,BATALHA,VILA SÃO FRANCISCO,,,,,,residencial
359,626,64120000,PI,UNIAO,SAO SEBASTIÃO,,CS 06 LT 06,,,,residencial
365,640,64.550-000,PI,SAO FRANCISCO DO PIAUI,RONDON,,,,,,residencial
368,645,64260000,PI,PIRIPIRI,,,São João,,,,residencial
370,647,64315000,PI,SANTA CRUZ DOS MILAGRES,CENTRO,,,,,,residencial
384,667,64.900-000,PI,BOM JESUS,JOÃO PINHEIRO,,,,,,residencial
393,680,64280000,PI,CAMPO MAIOR,QD Q CASA 12,,CENTRO,,,,residencial
401,688,88820000,SC,ICARA,CENTRO,,SALA 304/305/402/404/503,,,,residencial
407,701,65780000,MA,GOVERNADOR EUGENIO BARROS,KM 165,,FAZENDA PARAISO,,,,residencial
580,1004,64.062-110,PI,Teresina,Morros,,,Rua Álvaro Ferreira de Sousa,,2025-09-30T19:00:05.889848,residencial
581,1005,64770000,PI,SAO RAIMUNDO NONATO,QUADRA 01,,CASA 02,,,,residencial
582,1006,64048152,PI,Teresina,Jóquei,,Jóquei,Rua das Orquídeas,,2025-09-30T19:00:05.889848,residencial
583,1008,64.049-400,PI,TERESINA,MARQUÊS,,,,,,residencial
584,1009,64.890-000,PI,CANTO DO BURITI,AEROPORTO,,,,,,residencial
585,1010,64008235,PI,Teresina,Memorare,,QD 1 CS 02,Conjunto União I,,2025-09-30T19:00:05.889848,residencial
586,1011,06730000,SP,VARGEM GRANDE PAULISTA,BAIRRO DAS PEDRAS,,GALPAO25,,,,residencial
587,1012,64.057-200,PI,Teresina,Vale Quem Tem,,qd,Conjunto Giovane Prado,,2025-09-30T19:00:05.889848,residencial
588,1014,64069430,PI,Teresina,Vale do Gavião,,BLC 03 APT 108,Loteamento Vale do Gavião,,2025-09-30T19:00:05.889848,residencial
589,1016,64049532,PI,Teresina,Fátima,,Fátima,Rua Angélica,,2025-09-30T19:00:05.889848,residencial
590,1019,65.632-375,MA,Timon,Jóia,,,Rua Três,,2025-09-30T19:00:05.889848,residencial
591,1020,64014058,PI,Teresina,Ilhotas,,Ilhotas,Avenida Marechal Castelo Branco,,2025-09-30T19:00:05.889848,residencial
592,1023,64.052-490,PI,Teresina,Horto,,TORRE 02 APT 403,Rua Jasmim,,2025-09-30T19:00:05.889848,residencial
593,1026,64235000,PI,COCAL,ZONA RURAL,,,,,,residencial
594,1028,64010420,PI,Teresina,Mocambinho,,quadra 17,Quadra Mocambinho - Setor E,,2025-09-30T19:00:05.889848,residencial
595,1031,64073175,PI,Teresina,Uruguai,,Uruguai,Rua Quarenta,,2025-09-30T19:00:05.889848,residencial
596,1032,64036724,PI,Teresina,Parque Sul,,PARQUE SUL,Quadra AH,,2025-09-30T19:00:05.889848,residencial
429,749,64.053-070,PI,Teresina,Santa Isabel,,"TORRE ""D"" APT 133",Rua Antilhon Ribeiro Soares,,2025-09-30T18:30:36.282070,residencial
430,751,64091100,PI,Teresina,Gurupi,,Gurupi,Rua Enfermeira Dijé,,2025-09-30T18:30:36.282070,residencial
431,752,64.049-790,PI,Teresina,Ininga,,,Rua Alaíde Marques,,2025-09-30T18:30:36.282070,residencial
432,754,64057105,PI,Teresina,Vale Quem Tem,,Vale Quem Tem,Avenida Doutor Nicanor Barreto,,2025-09-30T18:30:36.282070,residencial
433,756,64045310,PI,Teresina,Noivos,,NOIVOS,Rua Padre Cirilo Chaves,,2025-09-30T18:30:36.282070,residencial
434,757,64.275-970,PI,Jatobá do Piauí,Centro,,FAZENDA SANTA ALICE,Rua Joaquim Terto,,2025-09-30T18:30:36.282070,residencial
435,758,64.060-750,PI,Teresina,Porto do Centro,,,Rua Aracaí,,2025-09-30T18:30:36.282070,residencial
436,758,64.060-750,PI,Teresina,Porto do Centro,,,Rua Aracaí,,2025-09-30T18:30:36.282070,residencial
439,762,64091100,PI,Teresina,Gurupi,,Gurupi,Rua Enfermeira Dijé,,2025-09-30T18:30:36.282070,residencial
440,763,64058200,PI,Teresina,Samapi,,QD,Residencial Saturno,,2025-09-30T18:30:36.282070,residencial
441,764,64020420,PI,Teresina,Saci,,SACI,Quadra Saci,,2025-09-30T18:30:36.282070,residencial
442,767,64.055-260,PI,Teresina,Morada do Sol,,,Rua Doutor José Auto de Abreu,,2025-09-30T18:30:36.282070,residencial
443,768,64.073-046,PI,Teresina,Uruguai,,,Rua Noé Fortes,,2025-09-30T18:30:36.282070,residencial
449,778,64090095,PI,Teresina,Gurupi,,COND MONTE VIDEL,Avenida Mirtes Melão,,2025-09-30T18:33:24.417504,residencial
450,779,64014058,PI,Teresina,Ilhotas,,Ilhotas,Avenida Marechal Castelo Branco,,2025-09-30T18:33:24.417504,residencial
452,781,64.062-230,PI,Teresina,Morros,,APT 304 BL 07,Rua Professora Ana Bugyja,,2025-09-30T18:33:24.417504,residencial
453,782,64056325,PI,Teresina,Morada do Sol,,Morada do Sol,Rua Odílio Falcão,,2025-09-30T18:33:24.417504,residencial
454,784,64.016-495,PI,Teresina,Três Andares,,,Rua Acelino Ribeiro,,2025-09-30T18:33:24.417504,residencial
455,785,64049680,PI,Teresina,Ininga,,ININGA,Rua Desembargador Adalberto Correia Lima,,2025-09-30T18:33:24.417504,residencial
456,787,65.075-190,MA,São Luís,Renascença,,apt 603,Rua das Graúnas,,2025-09-30T18:33:24.417504,residencial
457,788,64036800,PI,Teresina,Parque Sul,,Parque Sul,Residencial Eduardo Costa,,2025-09-30T18:33:24.417504,residencial
459,791,64.064-210,PI,Teresina,Zoobotânico,,,Rua Camilo Neto,,2025-09-30T18:33:24.417504,residencial
460,792,64.016-560,PI,Teresina,Três Andares,,,Rua Itaueira,,2025-09-30T18:33:24.417504,residencial
461,796,64.049-620,PI,Teresina,Ininga,,,Rua Prisco Medeiros,,2025-09-30T18:33:24.417504,residencial
462,798,64052500,PI,Teresina,Horto,,Horto,Rua Belchior Barros,,2025-09-30T18:33:24.417504,residencial
464,800,64069010,PI,Teresina,Vale do Gavião,,,Rua Projetada,,2025-09-30T18:35:23.346812,residencial
465,801,64013605,PI,Teresina,Jacinta Andrade,,JACINTA ANDRADE,Quadra 152,,2025-09-30T18:35:23.346812,residencial
466,802,64049410,PI,Teresina,Fátima,,Fátima,Avenida Rio Poti,,2025-09-30T18:35:23.346812,residencial
467,803,64.067-990,PI,Teresina,,,,PI - 112,,2025-09-30T18:35:23.346812,residencial
468,805,64.057-135,PI,Teresina,Vale Quem Tem,,(Lot Porto Seguro),Rua Júlio César Galvão,,2025-09-30T18:35:23.346812,residencial
469,807,64.079-142,PI,Teresina,Novo Horizonte,,qd32,Conjunto Residencial Manoel Evangelista II,,2025-09-30T18:35:23.346812,residencial
470,808,60710610,CE,Fortaleza,Parangaba,,Parangaba,Avenida Bibio Frota,,2025-09-30T18:35:23.346812,residencial
471,809,64049544,PI,Teresina,Fátima,,,Rua Marcos Parente,,2025-09-30T18:35:23.346812,residencial
472,810,64.020-310,PI,Teresina,Saci,,de 13/14 a 14/15,Quadra Saci,,2025-09-30T18:35:23.346812,residencial
473,811,64031090,PI,Teresina,Bela Vista,,Bela Vista,Rua Ercínio Fortes,,2025-09-30T18:35:23.346812,residencial
418,726,64.750-000,PI,PAULISTANA,CENTRO,,,,,,residencial
421,730,64.260-000,PI,PIRIPIRI,PACIENCIA,,,,,,residencial
422,734,64.280-000,PI,CAMPO MAIOR,FLORES,,,,,,residencial
425,741,64.290-000,PI,ALTOS,CENTRO,,,,,,residencial
426,744,64.094-500,PI,TERESINA,FÁTIMA,,,,,,residencial
437,760,64.190-000,PI,BATALHA,CENTRO,,,,,,residencial
438,761,64.700-000,PI,SIMPLICIO MENDES,CENTRO,,,,,,residencial
444,770,64.450-000,PI,MONSENHOR GIL,PV EUCALIPTO,,,,,,residencial
447,776,65.365-000,MA,ZE DOCA,ZONA RURAL,,,,,,residencial
448,777,64243000,PI,SAO JOAO DA FRONTEIRA,CASA NOVA,,Centro,,,,residencial
451,780,64290000,PI,ALTOS,VILA GALVÃO,,RURAL,,,,residencial
458,789,65685000,MA,BURITI BRAVO,RURAL,,KM 15,,,,residencial
597,1033,64057400,PI,Teresina,Vale Quem Tem,,BL PAPAGAIO - 402,Quadra A1,,2025-09-30T19:00:05.889848,residencial
598,1034,64.010-130,PI,Teresina,Mocambinho,,Quadra 38 Casa 27,Quadra Mocambinho - Setor A,,2025-09-30T19:00:05.889848,residencial
599,1036,64.073-430,PI,Teresina,Uruguai,,BLOCO ANTULHO 101,Rua Ruth Renée Barbosa Guimarães,,2025-09-30T19:00:05.889848,residencial
600,1038,64.900-000,PI,BOM JESUS,JOSUE PARENTE,,,,,,residencial
601,1039,28.976-004,RJ,Araruama,Areal,,CASA 56,Rua Oriente,,2025-09-30T19:00:05.889848,residencial
602,1040,64.003-500,PI,Teresina,Pirajá,,,Rua Pernambuco,,2025-09-30T19:00:05.889848,residencial
603,1041,64053070,PI,Teresina,Santa Isabel,,BL  D - 85,Rua Antilhon Ribeiro Soares,,2025-09-30T19:00:05.889848,residencial
604,1043,64.004-480,PI,Teresina,Parque Alvorada,,,Rua Pedro Brito,,2025-09-30T19:00:05.889848,residencial
605,1045,88308001,SC,Itajaí,Cidade Nova,,BLOCO 01 ARMZ 07,Avenida Governador Adolfo Konder,,2025-09-30T19:00:05.889848,residencial
606,1048,64.048-100,PI,Teresina,Jóquei,,Jóquei,Rua Demerval Lobão,,2025-09-30T19:00:05.889848,residencial
607,1049,64073470,PI,Teresina,Uruguai,,URUGUAI,Residencial O Sonho não Acabou,,2025-09-30T19:00:05.889848,residencial
608,1051,71065292,DF,Brasília,Guará II,,Guará II,Quadra QI 29 Lote 3,,2025-09-30T19:00:05.889848,residencial
609,1052,64049500,PI,Teresina,Fátima,,AP 172,Rua Teresinha Farias,,2025-09-30T19:00:05.889848,residencial
610,1053,64.056-440,PI,Teresina,Morada do Sol,,MORADA DO SOL,Rua Crescêncio Ferreira,,2025-09-30T19:00:05.889848,residencial
611,1054,64.025-030,PI,Teresina,Parque Piauí,,QD: 09,Quadra Parque Piauí,,2025-09-30T19:00:05.889848,residencial
612,1057,64053550,PI,Teresina,Campestre,,,Rua Antonia Myrian Eduardo Pereira,,2025-09-30T19:00:05.889848,residencial
613,1058,64.062-220,PI,Teresina,Morros,,,Rua Áurea Martins,,2025-09-30T19:00:05.889848,residencial
614,1059,64062901,PI,Teresina,Morros,,CASA 89,Avenida Presidente Kennedy,,2025-09-30T19:00:05.889848,residencial
615,1060,64.049-360,PI,Teresina,Fátima,,,Rua José Paulino,,2025-09-30T19:00:05.889848,residencial
616,1061,64001915,PI,Teresina,Frei Serafim,,Frei Serafim,Rua São Pedro,,2025-09-30T19:00:05.889848,residencial
617,1063,65.632-450,MA,Timon,Vila do BEC,,,Rua Vinte e Três,,2025-09-30T19:00:05.889848,residencial
618,1064,64009490,PI,Teresina,Memorare,,MEMORARE,Conjunto União II,,2025-09-30T19:00:05.889848,residencial
619,1065,64.002-180,PI,Teresina,Matinha,,(Zona Norte),Rua Rui Barbosa,,2025-09-30T19:00:05.889848,residencial
620,1066,64048130,PI,Teresina,Jóquei,,Jóquei,Rua Miosotis,,2025-09-30T19:00:05.889848,residencial
621,1067,64.045-380,PI,Teresina,São João,,,Avenida João XXIII,,2025-09-30T19:00:05.889848,residencial
622,1068,64.046-901,PI,Teresina,São João,,,Rua Doutor Ernani Araújo,,2025-09-30T19:00:05.889848,residencial
623,1073,64001690,PI,Teresina,Frei Serafim,,Frei Serafim,Rua Regeneração,,2025-09-30T19:00:05.889848,residencial
624,1075,64053390,PI,Teresina,Santa Isabel,,Santa Isabel,Avenida Presidente Jânio Quadros,,2025-09-30T19:00:05.889848,residencial
625,1078,64240000,PI,PIRACURUCA,FAZENDA SANTA LIANE,,Z RURAL,,,,residencial
626,1082,64052490,PI,Teresina,Horto,,HORTO,Rua Jasmim,,2025-09-30T19:00:05.889848,residencial
627,1083,64.050-080,PI,Teresina,Planalto,,ININGA PRIME C 403,Rua Motorista Chicão,,2025-09-30T19:00:05.889848,residencial
628,1084,64014220,PI,Teresina,Ilhotas,,Ilhotas,Avenida Higino Cunha,,2025-09-30T19:00:05.889848,residencial
629,1085,64073650,PI,Teresina,Uruguai,,TERRAS ALPHAVILLE,Avenida João XXIII,,2025-09-30T19:00:05.889848,residencial
630,1086,64062160,PI,Teresina,Morros,,COND REC DOS IPES,Rua Professora Amália Pinheiro,,2025-09-30T19:00:05.889848,residencial
631,1087,64.049-775,PI,Teresina,Ininga,,(Lot C Campos),Rua Médico Antonio Portela Barbosa,,2025-09-30T19:00:05.889848,residencial
632,1088,64049410,PI,Teresina,Fátima,,COND DOM SEVERIINO APT 404,Avenida Rio Poti,,2025-09-30T19:00:05.889848,residencial
633,1089,07.141-300,SP,Guarulhos,Jardim Santa Inês,,,Rua Beleza,,2025-09-30T19:00:05.889848,residencial
634,1090,64.057-105,PI,Teresina,Vale Quem Tem,,,Avenida Doutor Nicanor Barreto,,2025-09-30T19:00:05.889848,residencial
635,1090,64.057-105,PI,Teresina,Vale Quem Tem,,,Avenida Doutor Nicanor Barreto,,2025-09-30T19:00:05.889848,residencial
636,1092,64.003-720,PI,Teresina,Pirajá,,Pirajá,Rua Sergipe,,2025-09-30T19:00:05.889848,residencial
637,1093,64.240-000,PI,PIRACURUCA,URBANO,,,,,,residencial
638,1094,64056450,PI,Teresina,Morada do Sol,,,Rua Teófilo dos Santos,,2025-09-30T19:00:05.889848,residencial
639,1095,64.240-000,PI,PIRACURUCA,FATIMA,,,,,,residencial
640,1096,64073175,PI,Teresina,Uruguai,,BAMBU,Rua Quarenta,,2025-09-30T19:00:05.889848,residencial
641,1100,64.053-140,PI,Teresina,Santa Isabel,,,Rua Desembargador Fernando Lopes,,2025-09-30T19:00:05.889848,residencial
642,1101,64034240,PI,Teresina,Angelim,,ANGELIM,Rua Maria Luiza de Aguiar,,2025-09-30T19:00:05.889848,residencial
643,1104,64030120,PI,Teresina,Bela Vista,,,Quadra Bela Vista,,2025-09-30T19:00:05.889848,residencial
644,1106,64008230,PI,Teresina,Memorare,,Memorare,Rua Irmã Catarina Levrine,,2025-09-30T19:00:05.889848,residencial
645,1107,64010445,PI,Teresina,Mocambinho,,QD B CS 21,Residencial São José,,2025-09-30T19:00:05.889848,residencial
646,1108,64.003-240,PI,Teresina,Matinha,,,Rua Piauí,,2025-09-30T19:00:05.889848,residencial
647,1109,64055370,PI,Teresina,Morada do Sol,,TORRE B 605,Rua Bonifácio Abreu,,2025-09-30T19:00:05.889848,residencial
648,1110,64.049-610,PI,Teresina,Ininga,,Ininga,Rua Acésio do Rêgo Monteiro,,2025-09-30T19:00:05.889848,residencial
649,1111,64062050,PI,Teresina,Morros,,MORROS,Avenida Professor Felismino Weser,,2025-09-30T19:00:05.889848,residencial
650,1115,64.025-430,PI,Teresina,Parque Piauí,,QUADRA 116,Quadra Parque Piauí,,2025-09-30T19:00:05.889848,residencial
651,1117,64.860-000,PI,URUCUI,ÁGUA BRANCA,,,,,,residencial
652,1118,64.055-370,PI,Teresina,Morada do Sol,,MORADA DO SOL,Rua Bonifácio Abreu,,2025-09-30T19:00:05.889848,residencial
653,1119,74933207,GO,Aparecida de Goiânia,Cardoso,,quadra C,Rua Tapuirama,,2025-09-30T19:00:05.889848,residencial
654,1122,64045605,PI,Teresina,Recanto das Palmeiras,,RECANTO DAS PALMEIRAS,Avenida dos Expedicionários,,2025-09-30T19:00:05.889848,residencial
375,653,64120000,PI,UNIAO,QUADRA 01,,Centro,,,,residencial
685,1171,64049300,PI,Teresina,Jóquei,,APT 300,Avenida Elias João Tajra,,2025-09-30T19:04:34.762507,residencial
486,832,64.535-000,PI,INHUMA,CENTRO,,,,,,residencial
556,961,64057105,PI,Teresina,Vale Quem Tem,,VALE QUEM TEM,Avenida Doutor Nicanor Barreto,,2025-09-30T19:00:05.889848,residencial
557,962,64180000,PI,ESPERANTINA,,,SANTA LUZIA,,,,residencial
558,967,64073175,PI,Teresina,Uruguai,,RESERVA BAMBU,Rua Quarenta,,2025-09-30T19:00:05.889848,residencial
568,985,65.500-000,MA,CHAPADINHA,APARECIDA,,,,,,residencial
552,953,64.049-630,PI,Teresina,Ininga,,,Rua Tomaz de Area Leão,,2025-09-30T18:55:11.728839,residencial
555,959,64078273,PI,Teresina,Itararé,,QUADRA 171,Rua Jornalista Vieira Chaves,,2025-09-30T19:04:34.762507,residencial
686,1172,64206540,PI,Parnaíba,São Judas Tadeu,,SÃO JUDAS TADEU,Avenida Padre Raimundo José Vieira,,2025-09-30T19:04:34.762507,residencial
687,1173,64.013-469,PI,Teresina,Jacinta Andrade,,,Quadra 16,,2025-09-30T19:04:34.762507,residencial
688,1173,64.013-469,PI,Teresina,Jacinta Andrade,,,Quadra 16,,2025-09-30T19:04:34.762507,residencial
689,1174,64001070,PI,Teresina,Centro,,SUL,Rua Firmino Pires,,2025-09-30T19:04:34.762507,residencial
690,1175,64049512,PI,Teresina,Fátima,,Fátima,Rua Hugo Napoleão,,2025-09-30T19:04:34.762507,residencial
691,1176,64.078-660,PI,Teresina,Parque Ideal,,,Rua Alencar Vieira,,2025-09-30T19:04:34.762507,residencial
692,1178,64049460,PI,Teresina,Fátima,,FÁTIMA,Avenida Coronel Costa Araújo,,2025-09-30T19:04:34.762507,residencial
693,1182,64900000,PI,BOM JESUS,CENTRO,,CIDADE JARDIM,,,,residencial
694,1185,64.120-000,PI,UNIAO,ZONA RURAL,,FAZ VELAME,,,,residencial
695,1186,64073650,PI,Teresina,Uruguai,,Uruguai,Avenida João XXIII,,2025-09-30T19:04:34.762507,residencial
696,1188,64.045-000,PI,Teresina,Noivos,,ESQ BR 343,Avenida João XXIII,,2025-09-30T19:04:34.762507,residencial
697,1189,64090245,PI,Teresina,Gurupi,,QD 12 CS 02,Rua Luís Memória,,2025-09-30T19:04:34.762507,residencial
698,1190,64056190,PI,Teresina,São Cristóvão,,SÃO CRISTÓVÃO,Rua Cônego Raimundo Fonseca,,2025-09-30T19:04:34.762507,residencial
699,1191,64079010,PI,Teresina,Novo Horizonte,,NOVO HORIZONTE,Conjunto Novo Horizonte,,2025-09-30T19:04:34.762507,residencial
700,1193,64020200,PI,Teresina,Saci,,quadra 26,Rua General João Henrique Gaioso,,2025-09-30T19:04:34.762507,residencial
701,1194,65.076-640,MA,São Luís,Ponta D'Areia,,,Rua das Verbenas,,2025-09-30T19:04:34.762507,residencial
702,1195,64.290-000,PI,ALTOS,MARAVILHA,,,,,,residencial
703,1196,65.633-641,MA,Timon,Cidade Nova,,,Avenida Raimundo Correia da Silva,,2025-09-30T19:04:34.762507,residencial
704,1197,64014058,PI,Teresina,Ilhotas,,Ilhotas,Avenida Marechal Castelo Branco,,2025-09-30T19:04:34.762507,residencial
705,1199,64.036-600,PI,Teresina,Parque Sul,,QUADRA 66,Residencial Alberto Elias Hidd,,2025-09-30T19:04:34.762507,residencial
706,1201,64.053-070,PI,Teresina,Santa Isabel,,B14,Rua Antilhon Ribeiro Soares,,2025-09-30T19:04:34.762507,residencial
707,1201,64000020,PI,Teresina,Centro,,Centro,Avenida Frei Serafim,,2025-09-30T19:04:34.762507,residencial
708,1204,64025240,PI,Teresina,Parque Piauí,,QD 66,Quadra Parque Piauí,,2025-09-30T19:04:34.762507,residencial
709,1207,64062230,PI,Teresina,Morros,,APT 203,Rua Professora Ana Bugyja,,2025-09-30T19:04:34.762507,residencial
710,1208,64.002-390,PI,Teresina,Vila Operária,,(Zona Norte) - de 1007/1008 ao fim,Rua Arlindo Nogueira,,2025-09-30T19:04:34.762507,residencial
711,1209,65635534,MA,Timon,Mutirão,,QD K CS 8,Rua Lírios,,2025-09-30T19:04:34.762507,residencial
712,1210,64.020-095,PI,Teresina,Santa Luzia,,,Rua Jacob Martins,,2025-09-30T19:04:34.762507,residencial
713,1219,64055370,PI,Teresina,Morada do Sol,,MORADA DO SOL,Rua Bonifácio Abreu,,2025-09-30T19:04:34.762507,residencial
714,1220,64073063,PI,Teresina,Uruguai,,URUGUAI,Rua São Leonardo,,2025-09-30T19:04:34.762507,residencial
715,1221,64.040-466,PI,TERESINA,ESPLANADA,,,,,,residencial
716,1223,38.048-356,MG,Uberaba,Parque dos Girassóis III,,,Rua Manuelino da Silva,,2025-09-30T19:04:34.762507,residencial
717,1224,64.100-000,PI,BARRAS,SANTINHO,,,,,,residencial
718,1225,64.023-400,PI,Teresina,Lourival Parente,,de 1555/1556 ao fim,Rua Epitácio Pessoa,,2025-09-30T19:04:34.762507,residencial
719,1227,64034508,PI,Teresina,Angelim,,LOT SETE ESTRELA VI,Rua Cinco,,2025-09-30T19:04:34.762507,residencial
720,1228,95330000,RS,VERANOPOLIS,CENTRO,,,,,,residencial
721,1230,64.600-397,PI,Picos,Passagem das Pedras,,,Rua Ana Maria Bezerra,,2025-09-30T19:04:34.762507,residencial
722,1231,64049280,PI,Teresina,Jóquei,,Jóquei,Rua Anfrísio Lobão,,2025-09-30T19:04:34.762507,residencial
723,1234,64.800-430,PI,Floriano,Irapuá II,,,Avenida Senador Dirceu Arcoverde,,2025-09-30T19:04:34.762507,residencial
724,1236,64055420,PI,Teresina,Piçarreira,,Piçarreira,Rua Melvin Jones,,2025-09-30T19:04:34.762507,residencial
725,1237,64.067-200,PI,Teresina,Tabajaras,,,Rua José Rubem Nunes,,2025-09-30T19:04:34.762507,residencial
726,1239,64.290-000,PI,ALTOS,MUTIRÃO,,,,,,residencial
727,1242,64.034-786,PI,Teresina,Angelim,,,Quadra 18,,2025-09-30T19:04:34.762507,residencial
728,1243,64.058-710,PI,Teresina,Santa Lia,,,Rua Barbalha,,2025-09-30T19:04:34.762507,residencial
729,1244,64080210,PI,Teresina,Novo Horizonte,,NOVO HORIZONTE,Rua César de Negreiros Barros,,2025-09-30T19:04:34.762507,residencial
730,1248,64.008-320,PI,Teresina,Bom Jesus,,Bom Jesus,Rua Bertolínia,,2025-09-30T19:04:34.762507,residencial
731,1250,64.053-300,PI,Teresina,Santa Isabel,,APT 702 C,Rua Aristides Saraiva de Almeida,,2025-09-30T19:04:34.762507,residencial
732,1251,64062050,PI,Teresina,Morros,,Morros,Avenida Professor Felismino Weser,,2025-09-30T19:04:34.762507,residencial
733,1252,64085050,PI,Teresina,São Sebastião,,QUADRA W CASA 10,Vila Residencial Araguaia,,2025-09-30T19:04:34.762507,residencial
734,1255,64.006-203,PI,Teresina,Real Copagri,,,Rua Altos,,2025-09-30T19:04:34.762507,residencial
735,1259,64055370,PI,Teresina,Morada do Sol,,MORADA DO SOL,Rua Bonifácio Abreu,,2025-09-30T19:04:34.762507,residencial
736,1260,64.049-538,PI,Teresina,Fátima,,,Avenida Ininga,,2025-09-30T19:04:34.762507,residencial
737,1262,64008235,PI,Teresina,Memorare,,QUADRA 04,Conjunto União I,,2025-09-30T19:04:34.762507,residencial
738,1263,64049508,PI,Teresina,Fátima,,Fátima,Rua General Lages,,2025-09-30T19:04:34.762507,residencial
739,1264,64.516-000,PI,COLONIA DO PIAUI,CENTRO,,Centro,,,,residencial
740,1268,64.099-889,PI,TERESINA,ZONA RURAL,,,,,,residencial
678,1161,64110000,PI,JOSE DE FREITAS,,,IPIRANGA,,,,residencial
790,872,65765-000,MA,Dom Pedro,Centro,1,,Rua Teste,2025-10-10T19:38:03.582445,2025-10-10T19:38:03.582484,residencial
655,1123,64099899,PI,Teresina,Área Rural de Teresina,,BOA HORA,Área Rural,,2025-09-30T19:04:34.762507,residencial
656,1125,64.615-000,PI,SANTANA DO PIAUI,CENTRO,,,,,,residencial
657,1126,64.278-000,PI,COCAL DE TELHA,SANTA PAZ,,,,,,residencial
658,1127,64500000,PI,OEIRAS,CANELA,,QUADRA B,,,,residencial
659,1130,64048130,PI,Teresina,Jóquei,,JÓQUEI,Rua Miosotis,,2025-09-30T19:04:34.762507,residencial
660,1131,64.006-185,PI,Teresina,Real Copagri,,,Rua Governador Artur de Vasconcelos,,2025-09-30T19:04:34.762507,residencial
661,1132,64.031-328,PI,Teresina,Bela Vista,,Loteamento Bela Vista III,Quadra E,,2025-09-30T19:04:34.762507,residencial
662,1136,64058348,PI,Teresina,Samapi,,RUA PORTO RICO,Vila Madre Teresa de Calcutá II,,2025-09-30T19:04:34.762507,residencial
663,1137,64088555,PI,Teresina,Todos os Santos,,QD L CASA 15,Loteamento Tabocas,,2025-09-30T19:04:34.762507,residencial
664,1139,64.001-050,PI,Teresina,Centro,,(Zona Sul) - até 999/1000,Rua Riachuelo,,2025-09-30T19:04:34.762507,residencial
665,1140,64037700,PI,TERESINA,RESID VAMOS VER O SOL,,PARQUE SUL,,,,residencial
666,1141,64.049-410,PI,Teresina,Fátima,,Fátima,Avenida Rio Poti,,2025-09-30T19:04:34.762507,residencial
667,1143,64014325,PI,Teresina,Cristo Rei,,,Avenida Barão de Castelo Branco,,2025-09-30T19:04:34.762507,residencial
668,1146,64049522,PI,Teresina,Fátima,,Fátima,Rua Governador Joca Pires,,2025-09-30T19:04:34.762507,residencial
669,1147,64.091-095,PI,Teresina,Gurupi,,,Avenida Professor Camilo Filho,,2025-09-30T19:04:34.762507,residencial
670,1150,65.071-840,MA,São Luís,Calhau,,QUADRA 02,Rua das Pescadas,,2025-09-30T19:04:34.762507,residencial
671,1151,64012340,PI,Teresina,Santa Maria,,,Quadra AG,,2025-09-30T19:04:34.762507,residencial
672,1152,64.093-060,PI,Teresina,Verdecap,,,Rua Cecília Alves da Silva,,2025-09-30T19:04:34.762507,residencial
673,1155,64012490,PI,Teresina,Santa Maria,,QUADRA F,Rua Braz Honório,,2025-09-30T19:04:34.762507,residencial
674,1156,64.218-440,PI,Parnaíba,Nova Parnaíba,,,Rua Josias de Morais Correia,,2025-09-30T19:04:34.762507,residencial
675,1157,65.660-000,MA,BARAO DE GRAJAU,NOSSA SENHORA DA CONCEIÇÃO,,,,,,residencial
676,1158,28890015,RJ,Rio das Ostras,Jardim Miramar,,,Rodovia Amaral Peixoto,,2025-09-30T19:04:34.762507,residencial
677,1160,64.180-000,PI,ESPERANTINA,CHAPADINHA SUL,,,,,,residencial
679,1162,64860000,PI,URUCUI,CENTRO,,CAIXA POSTAL 25,,,,residencial
680,1164,64.016-700,PI,Teresina,Nossa Senhora das Graças,,,Rua Doutor Area Leão,,2025-09-30T19:04:34.762507,residencial
681,1166,64030100,PI,Teresina,Bela Vista,,QD 40 CS,Quadra Bela Vista,,2025-09-30T19:04:34.762507,residencial
682,1167,64093040,PI,Teresina,Verdecap,,CASA 153,Alameda dos Sabiás,,2025-09-30T19:04:34.762507,residencial
683,1168,64.066-000,PI,Teresina,Cidade Jardim,,R MIRADOR,Conjunto Pedra Mole,,2025-09-30T19:04:34.762507,residencial
684,1169,64085300,PI,Teresina,São Sebastião,,QUADRA - 5,Conjunto Todos os Santos,,2025-09-30T19:04:34.762507,residencial
753,1291,64045795,PI,Teresina,Recanto das Palmeiras,,Recanto das Palmeiras,Avenida João XXIII,,2025-09-30T19:09:21.145520,residencial
754,1292,64082550,PI,Teresina,Renascença,,Renascença,Conjunto Renascença II,,2025-09-30T19:09:21.145520,residencial
755,1294,64001340,PI,Teresina,Centro,,Centro,Rua Taumaturgo de Azevedo,,2025-09-30T19:09:21.145520,residencial
756,1295,64062050,PI,Teresina,Morros,,VILLA VIVLDE CASA 24,Avenida Professor Felismino Weser,,2025-09-30T19:09:21.145520,residencial
757,1299,64048550,PI,Teresina,Ininga,,VILLABELA CASA 09,Rua Dirce Oliveira,,2025-09-30T19:09:21.145520,residencial
758,1300,64069130,PI,Teresina,Vale do Gavião,,,Conjunto Wilson Martins Filho,,2025-09-30T19:09:21.145520,residencial
759,1302,65.636-542,MA,Timon,Flores,,,Rua Antonio Guimarães,,2025-09-30T19:09:21.145520,residencial
760,1303,64.052-850,PI,Teresina,Horto,,,Rua Jornalista Dondon,,2025-09-30T19:09:21.145520,residencial
761,1310,64500000,PI,OEIRAS,APT 05,,Centro,,,,residencial
762,1311,64010360,PI,Teresina,Mocambinho,,QUADRA 33,Quadra Mocambinho - Setor C,,2025-09-30T19:09:21.145520,residencial
741,1268,64.099-899,PI,Teresina,Área Rural de Teresina,,ET DA CATARINA,Área Rural,,2025-09-30T19:04:34.762507,residencial
783,5,64067210,PI,Teresina,Tabajaras,7820,BLC 02 AP 203,Avenida Gurupá,2025-09-29T19:16:05.010275,2025-09-29T19:16:05.010298,residencial
270,469,64076060,PI,Teresina,Tancredo Neves,0,,Rua Desembargador Manoel Felício Pinto,,2025-09-29T19:27:56.964198,residencial
785,492,64059-250,PI,Teresina,Satélite,0,,Avenida Giovane Prado,2025-09-30T16:43:24.460700,2025-09-30T16:43:24.460737,residencial
273,475,64050-080,PI,Teresina,Planalto,,,Rua Motorista Chicão,,,residencial
274,477,64036-425,PI,Teresina,Parque Sul,,,Rua Manoel Cipriano Lira,,,residencial
276,479,34001-346,MG,Nova Lima,Vila Operária,,Vila Operária,Travessa Aristides Martins,,,residencial
277,481,64057-145,PI,Teresina,Vale Quem Tem,,,Rua José Soares Tataia,,,residencial
278,483,64063-570,PI,Teresina,Socopo,,,Rua Advogada Anailza Ernesto,,,residencial
279,486,64069-010,PI,Teresina,Vale do Gavião,,Vale do Gavião,Rua Projetada,,,residencial
281,488,22610-142,RJ,Rio de Janeiro,São Conrado,,Bl.01 Apt 302 - Ao lado do HortiFruti,Estrada do Joá,,,residencial
282,491,64086-230,PI,Teresina,São Sebastião,,quadra A,Residencial Rodoviária II,,,residencial
284,493,64037-304,PI,Teresina,Portal da Alegria,,04 CS,Residencial Portal da Alegria II,,,residencial
285,495,64053-040,PI,Teresina,Santa Isabel,,,Rua Desembargador João Pereira,,,residencial
286,496,64076-195,PI,Teresina,Comprida,,,Rua Procurador José Ribamar,,,residencial
287,497,64057-378,PI,Teresina,Verde Lar,,QUADRA I,Conjunto Jardim Leste,,,residencial
288,500,64045-400,PI,Teresina,São João,,São João,Rua Haroldo de Carvalho Couto,,,residencial
289,502,64604-390,PI,Picos,Ipueiras,,,Rua João Martins da Luz,,,residencial
290,503,64009-490,PI,Teresina,Memorare,,MEMORARE,Conjunto União II,,,residencial
291,504,64059-160,PI,Teresina,Satélite,,,Rua Cinco,,,residencial
339,593,64.007-470,PI,Teresina,Água Mineral,,,Rua Pascoal Carlos Magno,,2025-09-30T18:22:16.871724,residencial
340,594,64.012-620,PI,Teresina,Santa Maria,,,Rua Regina Célia,,2025-09-30T18:22:16.871724,residencial
341,595,64.215-115,PI,Parnaíba,São Francisco da Guarita,,,Rua Itaúna,,2025-09-30T18:22:16.871724,residencial
342,597,64022240,PI,Teresina,Lourival Parente,,LOURIVAL PARENTE,Rua Palmas,,2025-09-30T18:22:16.871724,residencial
344,600,64.800-570,PI,Floriano,Irapuá II,,,Rua Maria Medrado,,2025-09-30T18:22:16.871724,residencial
345,601,64077830,PI,Teresina,Parque Ideal,,BLC NOVO HORIZONTE APT 203,Rua Poncion Caldas,,2025-09-30T18:22:16.871724,residencial
346,604,64078314,PI,Teresina,Itararé,,Itararé,Quadra 273,,2025-09-30T18:22:16.871724,residencial
347,605,64067901,PI,Teresina,Tabajaras,,,Avenida Presidente Kennedy,,2025-09-30T18:22:16.871724,residencial
348,607,64.010-350,PI,Teresina,Mocambinho,,(Setor C),Quadra 30,,2025-09-30T18:22:16.871724,residencial
349,610,64077343,PI,Teresina,Itararé,,ITARARÉ,Quadra 114,,2025-09-30T18:22:16.871724,residencial
350,612,64.022-118,PI,Teresina,Lourival Parente,,LOURIVAL PARENTE,Rua Ivan Tito de Oliveira,,2025-09-30T18:22:16.871724,residencial
363,637,64049544,PI,Teresina,Fátima,,Fátima,Rua Marcos Parente,,2025-09-30T18:22:57.181992,residencial
364,638,64011555,PI,Teresina,Aroeiras,,QD  U,Conjunto Paulo de Tarso de Morais,,2025-09-30T18:22:57.181992,residencial
366,641,64.057-135,PI,Teresina,Vale Quem Tem,,,Rua Júlio César Galvão,,2025-09-30T18:22:57.181992,residencial
387,673,64051030,PI,Teresina,São Cristóvão,,São Cristóvão,Rua Professor Clemente Fortes,,2025-09-30T18:24:33.314744,residencial
409,707,60833185,CE,Fortaleza,Sapiranga-Coité,,SAPIRANGA-COITÉ,Rua Bill Cartaxo,,2025-09-30T18:28:26.525946,residencial
410,711,64048350,PI,Teresina,Jóquei,,Jóquei,Rua General Lages,,2025-09-30T18:28:26.525946,residencial
411,712,64.600-138,PI,Picos,Fátima,,,Avenida Nossa Senhora de Fátima,,2025-09-30T18:28:26.525946,residencial
412,713,64039558,PI,Teresina,Esplanada,,,Residencial Torquato Neto IV,,2025-09-30T18:28:26.525946,residencial
413,717,64048340,PI,Teresina,Jóquei,,Jóquei,Rua Helvídio Ferraz,,2025-09-30T18:28:26.525946,residencial
414,720,64.003-220,PI,Teresina,Matinha,,,Rua Pará,,2025-09-30T18:28:26.525946,residencial
415,722,65074251,MA,São Luís,Recanto dos Nobres,,Qd 10 Cs 13,Rua Visconde de Cairu,,2025-09-30T18:28:26.525946,residencial
280,487,64518-000,PI,Santa Rosa do Piauí,CENTRO,,,,,,residencial
784,5,64049-494,PI,Teresina,Fátima,750,Loja 23,Avenida Universitária,2025-09-29T19:26:25.723795,2025-10-02T14:34:59.805330,comercial
275,478,64073-650,PI,Teresina,Uruguai,0,QD AT LT 05,Avenida João XXIII,,2025-10-02T16:52:34.661611,residencial
416,724,64077102,PI,Teresina,Itararé,,CASA 22,Quadra 35,,2025-09-30T18:28:26.525946,residencial
417,725,64001340,PI,Teresina,Centro,,CENTRO,Rua Taumaturgo de Azevedo,,2025-09-30T18:28:26.525946,residencial
419,728,64.078-476,PI,Teresina,Itararé,,Itararé,Quadra 343,,2025-09-30T18:28:26.525946,residencial
420,729,64055335,PI,Teresina,Morada do Sol,,Morada do Sol,Rua Médico Adail Monteiro Santana,,2025-09-30T18:28:26.525946,residencial
423,737,64062901,PI,Teresina,Morros,,COND TERRA DOS PASSAROS,Avenida Presidente Kennedy,,2025-09-30T18:28:26.525946,residencial
424,740,01454901,SP,São Paulo,Jardim Paulistano,,ANDAR 4 E 5 CONJ 41 AO 44 51 AO 53,Avenida Cidade Jardim,,2025-09-30T18:28:26.525946,residencial
427,745,64.001-320,PI,Teresina,Centro,,,Rua Heitor Castelo Branco,,2025-09-30T18:28:26.525946,residencial
428,747,64.045-440,PI,Teresina,São João,,,Rua Agnelo Pereira da Silva,,2025-09-30T18:28:26.525946,residencial
445,771,64.018-070,PI,Teresina,Vermelha,,,Rua Firmino Pires,,2025-09-30T18:30:36.282070,residencial
446,774,64.018-650,PI,Teresina,Nossa Senhora das Graças,,(Zona Sul),Rua Vinte Quatro de Janeiro,,2025-09-30T18:30:36.282070,residencial
463,799,64.900-000,PI,BOM JESUS,CIDADE JARDIM,,,,,,residencial
474,812,64.840-000,PI,GUADALUPE,COQUEIRO,,,,,,residencial
475,814,65.631-350,MA,Timon,Parque Piauí II,,,Rua Joaquim Pedreira,,2025-09-30T18:55:11.728839,residencial
476,815,64010230,PI,Teresina,Mocambinho,,MOCAMBINHO,Quadra Mocambinho - Setor B,,2025-09-30T18:55:11.728839,residencial
477,817,64049310,PI,Teresina,Fátima,,SALA 604,Rua Raimundo Portella,,2025-09-30T18:55:11.728839,residencial
478,819,64860000,PI,URUCUI,KM95,,Centro,,,,residencial
479,821,64002150,PI,Teresina,Matinha,,apt 208,Rua João Cabral,,2025-09-30T18:55:11.728839,residencial
480,822,64073640,PI,Teresina,Uruguai,,Uruguai,Conjunto Iguatemi,,2025-09-30T18:55:11.728839,residencial
481,823,64073046,PI,Teresina,Uruguai,,BL ZENITE 203,Rua Noé Fortes,,2025-09-30T18:55:11.728839,residencial
482,824,65.636-670,MA,Timon,Flores,,,Rua Vinte e Seis,,2025-09-30T18:55:11.728839,residencial
483,826,64.056-395,PI,Teresina,Morada do Sol,,,Rua Leôncio Ferraz,,2025-09-30T18:55:11.728839,residencial
484,829,64045795,PI,Teresina,Recanto das Palmeiras,,RECANTO DAS PALMEIRAS,Avenida João XXIII,,2025-09-30T18:55:11.728839,residencial
485,831,64000020,PI,Teresina,Centro,,Centro,Avenida Frei Serafim,,2025-09-30T18:55:11.728839,residencial
487,833,64.051-005,PI,Teresina,São Cristóvão,,,Avenida João XXIII,,2025-09-30T18:55:11.728839,residencial
488,834,64.053-900,PI,Teresina,Santa Isabel,,,Rua Azar Chaib,,2025-09-30T18:55:11.728839,residencial
489,840,64062901,PI,Teresina,Morros,,Morros,Avenida Presidente Kennedy,,2025-09-30T18:55:11.728839,residencial
490,844,64.240-000,PI,PIRACURUCA,FATIMA,,QD: A,,,,residencial
491,847,64.100-000,PI,BARRAS,BOA VISTA,,,,,,residencial
492,849,64.069-430,PI,Teresina,Vale do Gavião,,Apt 402 Blc 03,Loteamento Vale do Gavião,,2025-09-30T18:55:11.728839,residencial
493,850,64027030,PI,Teresina,Promorar,,PROMORAR,Quadra Raimundo Portela,,2025-09-30T18:55:11.728839,residencial
494,851,64809090,PI,Floriano,Rede Nova,,QD 01 CS 07,Rua Mesa de Pedra,,2025-09-30T18:55:11.728839,residencial
495,852,64045795,PI,Teresina,Recanto das Palmeiras,,Recanto das Palmeiras,Avenida João XXIII,,2025-09-30T18:55:11.728839,residencial
497,854,64045290,PI,Teresina,Noivos,,BLC B APT 1005,Rua Barão de Uruçuí,,2025-09-30T18:55:11.728839,residencial
498,855,64.073-510,PI,Teresina,Uruguai,,,Rua Santa Angélica,,2025-09-30T18:55:11.728839,residencial
499,857,64055330,PI,Teresina,Morada do Sol,,,Rua Mundinho Ferraz,,2025-09-30T18:55:11.728839,residencial
500,860,64.079-088,PI,Teresina,Novo Horizonte,,,Rua Antônio Neves Marques,,2025-09-30T18:55:11.728839,residencial
501,862,64014047,PI,Teresina,Ilhotas,,Ilhotas,Rua Regeneração,,2025-09-30T18:55:11.728839,residencial
502,863,64046640,PI,Teresina,São João,,B APT,Rua Doutor Wladimir Rego Monteiro,,2025-09-30T18:55:11.728839,residencial
503,864,64028555,PI,Teresina,Santa Cruz,,SANTA CRUZ,Rua Pindaré,,2025-09-30T18:55:11.728839,residencial
504,865,64.013-588,PI,Teresina,Jacinta Andrade,,,Quadra 135,,2025-09-30T18:55:11.728839,residencial
505,869,64.870-000,PI,BERTOLINIA,CENTRO,,,,,,residencial
506,873,64.023-450,PI,Teresina,Lourival Parente,,,Rua Alberto Leal Nunes,,2025-09-30T18:55:11.728839,residencial
507,874,64.015-300,PI,Teresina,Cristo Rei,,,Avenida Abdias Neves,,2025-09-30T18:55:11.728839,residencial
508,875,64010080,PI,Teresina,Mocambinho,,quadra 24,Quadra Mocambinho - Setor A,,2025-09-30T18:55:11.728839,residencial
509,877,67013680,PA,Ananindeua,Atalaia,,,Rua Santa Maria,,2025-09-30T18:55:11.728839,residencial
510,878,64.011-664,PI,Teresina,Aroeiras,,LOTEAMENTO PORTAL DA ESPERANÇA,Quadra E,,2025-09-30T18:55:11.728839,residencial
511,879,64.300-000,PI,VALENCA DO PIAUI,CENTRO,,,,,,residencial
512,880,64.013-520,PI,Teresina,Jacinta Andrade,,,Quadra 67,,2025-09-30T18:55:11.728839,residencial
513,880,64.013-542,PI,Teresina,Jacinta Andrade,,(Cj Res Jacinta Andrade - Casa 30),Quadra 89,,2025-09-30T18:55:11.728839,residencial
514,881,64016050,PI,Teresina,Macaúba,,,Rua Gabriel Ferreira,,2025-09-30T18:55:11.728839,residencial
515,882,64.016-360,PI,Teresina,Cidade Nova,,CIDADE NOVA,Rua Álvaro Freire,,2025-09-30T18:55:11.728839,residencial
516,883,64053370,PI,Teresina,Santa Isabel,,QUADRA A CASA 02,Rua Jornalista Ofélio Leitão,,2025-09-30T18:55:11.728839,residencial
517,887,64.500-000,PI,OEIRAS,OEIRAS NOVA,,,,,,residencial
518,890,64073505,PI,Teresina,Uruguai,,Uruguai,Rua Vitorino Orthiges Fernandes,,2025-09-30T18:55:11.728839,residencial
519,891,64091215,PI,Teresina,Gurupi,,Gurupi,Loteamento Alphaville Teresina,,2025-09-30T18:55:11.728839,residencial
520,892,65.631-230,MA,Timon,Parque Piauí I,,,Rua Elizete de Oliveira Farias,,2025-09-30T18:55:11.728839,residencial
521,893,64039555,PI,Teresina,Esplanada,,quadra A bl,Residencial Torquato Neto,,2025-09-30T18:55:11.728839,residencial
522,894,64059070,PI,Teresina,Satélite,,Satélite,Rua Bianor Carvalho,,2025-09-30T18:55:11.728839,residencial
523,895,64.800-000,PI,FLORIANO,SANTA RITA,,,,,,residencial
524,896,64055420,PI,Teresina,Piçarreira,,AP 401,Rua Melvin Jones,,2025-09-30T18:55:11.728839,residencial
525,898,64048232,PI,Teresina,Jóquei,,APT 201,Rua Aviador Irapuan Rocha,,2025-09-30T18:55:11.728839,residencial
526,902,64.016-901,PI,Teresina,Macaúba,,,Rua Arlindo Nogueira,,2025-09-30T18:55:11.728839,residencial
527,903,64078234,PI,Teresina,Itararé,,ITARARÉ,Quadra 242,,2025-09-30T18:55:11.728839,residencial
528,904,64.059-360,PI,Teresina,Satélite,,,Rua Jorge Waquim,,2025-09-30T18:55:11.728839,residencial
529,906,64.073-200,PI,Teresina,Uruguai,,YUCA TORRE 4 605,Rua Oito,,2025-09-30T18:55:11.728839,residencial
530,909,64036545,PI,Teresina,Parque Sul,,PARQUE SUL,Quadra G,,2025-09-30T18:55:11.728839,residencial
531,912,64053080,PI,Teresina,Santa Isabel,,SANTA ISABEL,Rua Coronel Osvaldo Duarte,,2025-09-30T18:55:11.728839,residencial
532,914,64010440,PI,Teresina,Mocambinho,,QUADRA 22,Quadra Mocambinho - Setor E,,2025-09-30T18:55:11.728839,residencial
533,916,64052825,PI,Teresina,Horto,,HORTO,Rua Visconde da Parnaíba,,2025-09-30T18:55:11.728839,residencial
534,917,64047020,PI,Teresina,São João,,São João,Rua Luís Pires de Lima,,2025-09-30T18:55:11.728839,residencial
535,920,64062005,PI,Teresina,Morros,,CATALUNYA,Avenida Presidente Kennedy,,2025-09-30T18:55:11.728839,residencial
536,921,64015900,PI,Teresina,Cristo Rei,,PORTAL DO CRISTO REI,Rua João Freitas,,2025-09-30T18:55:11.728839,residencial
537,922,64120000,PI,UNIAO,QUADRA 13,,VILA CONQUISTA,,,,residencial
538,924,64400000,PI,AMARANTE,CENTRO,,Z RURAL,,,,residencial
539,926,64.078-263,PI,Teresina,Itararé,,,Rua Doutor Petrarca Sá,,2025-09-30T18:55:11.728839,residencial
540,3,64.049-494,PI,Teresina,Fátima,,LOJA  23                  EDIF  DIAMOND CENTER,Avenida Universitária,,2025-09-30T18:55:11.728839,residencial
541,927,64051120,PI,Teresina,São Cristóvão,,SÃO CRISTÓVÃO,Avenida Vilmary,,2025-09-30T18:55:11.728839,residencial
542,928,64.053-510,PI,Teresina,Campestre,,(Res. Marina),Rua Doutor Moisés Pimentel Neto,,2025-09-30T18:55:11.728839,residencial
543,929,64.049-508,PI,Teresina,Fátima,,APT 1103,Rua General Lages,,2025-09-30T18:55:11.728839,residencial
544,930,64023297,PI,Teresina,Lourival Parente,,,Rua Fiel,,2025-09-30T18:55:11.728839,residencial
545,934,64.078-670,PI,Teresina,Parque Ideal,,,Rua Jornalista Antonio Diniz,,2025-09-30T18:55:11.728839,residencial
546,936,64074000,PI,Teresina,Novo Uruguai,,KM 16 COND SÃO JOSE CASA 03,Rodovia BR-343,,2025-09-30T18:55:11.728839,residencial
547,938,64.940-000,PI,MONTE ALEGRE DO PIAUI,CENTRO,,Centro,,,,residencial
548,941,64000020,PI,Teresina,Centro,,APT 602,Avenida Frei Serafim,,2025-09-30T18:55:11.728839,residencial
549,943,64008235,PI,Teresina,Memorare,,QUADRA I,Conjunto União I,,2025-09-30T18:55:11.728839,residencial
550,945,64048100,PI,Teresina,Jóquei,,JÓQUEI,Rua Demerval Lobão,,2025-09-30T18:55:11.728839,residencial
551,946,64.052-370,PI,Teresina,São Cristóvão,,,Rua Deputado Sousa Santos,,2025-09-30T18:55:11.728839,residencial
553,954,64.000-780,PI,Teresina,Cabral,,,Rua Francisco Mendes,,2025-09-30T18:55:11.728839,residencial
554,955,64.049-512,PI,Teresina,Fátima,,"LA MADELEINE RESIDENCE, TORRE ROYALE",Rua Hugo Napoleão,,2025-09-30T18:55:11.728839,residencial
742,1271,64.073-650,PI,Teresina,Uruguai,,,Avenida João XXIII,,2025-09-30T19:04:34.762507,residencial
743,1273,64056906,PI,Teresina,Morada do Sol,,Morada do Sol,Rua Leonardo Castelo Branco,,2025-09-30T19:04:34.762507,residencial
744,1275,64056520,PI,Teresina,Piçarreira,,PIÇARREIRA,Rua Capitão Tomaz de Aquino,,2025-09-30T19:04:34.762507,residencial
745,1276,64.325-000,PI,ELESBAO VELOSO,PIÇARRA,,,,,,residencial
746,1277,64033720,PI,Teresina,Santo Antônio,,,Avenida Dois,,2025-09-30T19:04:34.762507,residencial
747,1278,64.300-000,PI,VALENCA DO PIAUI,CENTRO,,,,,,residencial
748,1281,64048232,PI,Teresina,Jóquei,,Jóquei,Rua Aviador Irapuan Rocha,,2025-09-30T19:04:34.762507,residencial
749,1286,64.049-740,PI,Teresina,Ininga,,,Rua Jornalista João Rocha Marinho,,2025-09-30T19:04:34.762507,residencial
750,1287,64.055-135,PI,TERESINA,CAMPESTRE,,,,,,residencial
751,1288,64012870,PI,Teresina,Santa Maria,,Vila Parque Wall Ferraz,Vila Parque Wall Ferraz,,2025-09-30T19:04:34.762507,residencial
752,1289,64.063-100,PI,Teresina,Socopo,,COND VIVA RESERVA CS:34,Rua Antonia Medeiros de Noronha,,2025-09-30T19:04:34.762507,residencial
763,1312,64.795-000,PI,CARACOL,SÃO JOSE,,,,,,residencial
764,1313,64057200,PI,Teresina,Vale Quem Tem,,QD I CASA 39,Conjunto Giovane Prado,,2025-09-30T19:09:21.145520,residencial
765,1314,07661675,SP,Mairiporã,Terra Preta (Terra Preta),,,Avenida Américo Luis Sperandio,,2025-09-30T19:09:21.145520,residencial
766,1315,64010020,PI,Teresina,Mocambinho,,QUADRA 5,Quadra Mocambinho - Setor A,,2025-09-30T19:09:21.145520,residencial
767,1316,64073445,PI,Teresina,Uruguai,,URUGUAI,Rua Maria Socorro de Macêdo Claudino,,2025-09-30T19:09:21.145520,residencial
768,1320,64049532,PI,Teresina,Fátima,,FÁTIMA,Rua Angélica,,2025-09-30T19:09:21.145520,residencial
769,1321,64000810,PI,Teresina,Cabral,,Cabral,Avenida Marechal Castelo Branco,,2025-09-30T19:09:21.145520,residencial
770,1323,64.066-030,PI,Teresina,Pedra Mole,,,Rua Lajeiro,,2025-09-30T19:09:21.145520,residencial
771,1327,64.069-430,PI,Teresina,Vale do Gavião,,BL: 4B,Loteamento Vale do Gavião,,2025-09-30T19:09:21.145520,residencial
772,1328,64.806-735,PI,Floriano,Princesa do Sul,,9-A,Rua Eduardo Rodrigues de Freitas,,2025-09-30T19:09:21.145520,residencial
773,1329,64069010,PI,Teresina,Vale do Gavião,,VALE DO GAVIÃO,Rua Projetada,,2025-09-30T19:09:21.145520,residencial
774,1335,64.920-000,PI,CRISTINO CASTRO,BELA VISTA,,Centro,,,,residencial
775,1336,64027130,PI,Teresina,Promorar,,QD 52 LOTE 9 CASA B,Quadra Raimundo Portela,,2025-09-30T19:09:21.145520,residencial
776,1337,64.056-030,PI,Teresina,São Cristóvão,,SÃO CRISTÓVÃO,Rua Professor Mário Batista,,2025-09-30T19:09:21.145520,residencial
777,1338,64.002-530,PI,Teresina,Porenquanto,,,Rua Governador Artur de Vasconcelos,,2025-09-30T19:09:21.145520,residencial
778,1340,64.278-000,PI,COCAL DE TELHA,CENTRO,,,,,,residencial
779,1346,64.260-000,PI,PIRIPIRI,MORRO DA SAUDADE,,MORRO DA SAUDADE,,,,residencial
780,1347,64010100,PI,Teresina,Mocambinho,,MOCAMBINHO,Quadra Mocambinho - Setor A,,2025-09-30T19:09:21.145520,residencial
781,1351,64047020,PI,Teresina,São João,,SÃO JOÃO,Rua Luís Pires de Lima,,2025-09-30T19:09:21.145520,residencial
