id,nome,descricao,criado_em,atualizado_em
5,Taurus by Rossi,,2025-10-16T14:31:57.323281,2025-10-16T17:31:57.323876
8,Arex,"Fabricante de armas de fogo da Eslovênia, conhecida por suas pistolas de alta qualidade e design moderno, como a linha Delta.",2025-10-16T14:32:32.683179,2025-10-17T17:18:03.416283
10,Boito,"Tradicional fabricante brasileira de armas longas, especializada em espingardas de caça e esporte com excelente custo-benefício.",2025-10-16T16:28:36.009960,2025-10-17T17:18:18.368470
6,Browning,"Marca americana icônica, mundialmente famosa por seus rifles de caça, espingardas e pistolas de alto padrão e design clássico.",2025-10-16T14:32:12.427975,2025-10-17T17:18:29.363727
2,CBC,"Líder nacional e uma das maiores fabricantes de munições do mundo. Produz também armas longas, como rifles e espingardas",2025-10-16T14:31:24.778571,2025-10-17T17:18:43.779896
4,CZ,"Renomada fabricante de armas da República Tcheca, famosa por suas pistolas de competição, como a linha Shadow, e rifles de precisão.",2025-10-16T14:31:41.703757,2025-10-17T17:18:55.931607
7,Fire Eagle,"Marca nacional focada na produção de carabinas táticas (PCC) de alta performance para o tiro esportivo, especialmente o IPSC.",2025-10-16T14:32:24.197180,2025-10-17T17:19:08.339860
3,Glock,"Fabricante austríaca líder mundial em pistolas de polímero. Sinônimo de confiabilidade, durabilidade e simplicidade.",2025-10-16T14:31:33.628204,2025-10-17T17:19:21.947997
11,Hatsan,"Empresa turca, uma das líderes mundiais na fabricação de carabinas de pressão e espingardas, conhecida pela potência e robustez",2025-10-16T16:28:41.567933,2025-10-17T17:19:36.040926
12,MEC-GAR,"Fabricante italiana, líder mundial na produção de carregadores de alta qualidade para as principais marcas de pistolas do mercado.",2025-10-16T16:40:11.857324,2025-10-17T17:19:52.564442
9,Rossi,"Tradicional marca brasileira, atualmente parte do grupo Taurus, famosa por seus revólveres e pelas clássicas carabinas ""Puma"".",2025-10-16T16:28:30.550156,2025-10-17T17:20:08.723702
1,Taurus,"A maior fabricante de armas do Brasil e uma das maiores do mundo. Oferece um vasto portfólio de pistolas, revólveres e carabinas.",2025-10-16T14:31:16.604406,2025-10-17T17:20:21.903218
15,MARCA TESTE,,2025-10-18T09:00:27.107291,2025-10-18T12:00:27.110774
