id,cliente_id,tipo,nivel,mensagem,meio,data_envio,status,erro
2,3,processo,baixo,Processo 'Aquisição de arma' em andamento (concluido) — M4 TÁTICA COMERCIO E SERVIÇOS LTDA,sistema,2025-10-13T17:43:28.954985,lido,
1,3,processo,baixo,Processo 'TESTE1' em andamento (Em andamento) — M4 TÁTICA COMERCIO E SERVIÇOS LTDA,sistema,2025-10-13T17:43:28.209002,lido,
3,1083,processo,baixo,Processo 'CR' em andamento (Em andamento) — MARCELL BRANDAO WERCKLOSE,sistema,2025-10-13T20:13:50.401331,lido,
4,5,arma,alto,CRAF de MAURICIO BATISTA DE SOUSA vencido em 12/10/2025,sistema,2025-10-13T20:34:25.956197,lido,
